<?xml version="1.0" encoding="UTF-8"?>
<books>
	<image filename="Andrew" title="Dreamweaver MX 2004 Design Projects" author="Rachel Andrew" category="Dreamweaver">
		<desc>Dreamweaver MX 2004 Design Projects takes you through the process of creating four real-world case studies, enabling you to take your Dreamweaver skills to a new level.</desc> 
	</image>
	<image filename="Balkan" title = "Flash 3d Cheats Most Wanted" author="Aral Balkan" category="Flash">
		<desc>Improve your depth of deception with an innovative slice engine to create convincing 3D objects</desc> 
	</image>
	<image filename="Besley" title = "Learn Programming with Flash MX" author="Kristian Besley" category="ActionScript">
		<desc>This book employs a truly unique classroom-based approach to learning, with the goal of establishing core, practical programming skills.</desc> 
	</image>
	<image filename="Briggs" title = "Cascading Style Sheets" author="Owen Briggs" category="CSS">
		<desc>CSS is one of the trio of core client-side web professional skills: HTML for markup, JavaScript for dynamism, and CSS for style.</desc> 
	</image>
	<image filename="Brown" title = "Fireworks MX 2004" author="Charles E. Brown" category="Graphics">
		<desc>Macromedia’s Fireworks MX 2004 enables you to design, optimize, and add basic interactivity to your graphics </desc> 
	</image>	
	<image filename="Bryant" title = "Flash Design Solutions" author="Craig Bryant" category="Flash">
		<desc>This book is essential reading for all Flash designers and developers.</desc> 
	</image>
	<image filename="Budd" title = "CSS Mastery" author="Andy Budd" category="CSS">
		<desc>This book is your indispensable guide to cutting-edge CSS development.</desc> 
	</image>
	<image filename="Burks" title = "Web Accessibility" author="Michael Burks" category="Design">
		<desc>The power of the Web lies in the fact that anyone and everyone can access it, and this should also extend to users with disabilities.</desc> 
	</image>
	<image filename="Donatis" title = "ActionScript Components" author="Antonio De Donatis" category="ActionScript">
		<desc>One of the most important tools provided with Flash is the Macromedia Component Architecture.</desc> 
	</image>
	<image filename="Downs" title = "Flash 8 Essentials" author="Stephen Downs" category="Flash">
		<desc>As a creative professional or interactive developer, you'll be amazed at the exciting possibilities presented to you by the new features available in Flash 8.</desc> 
	</image>
	<image filename="Elbaga" title = "Foundation ASP for Dreamweaver 8" author="Omar Elbaga" category="Dreamweaver">
		<desc>Dreamweaver 8 takes a lot of the hard work out of performing tasks such as integrating a database into your website, but it can't do everything.</desc> 
	</image>
	<image filename="Elst" title = "Object-Oriented for Flash 8" author="Peter Elst" category="ActionScript">
		<desc>Object-Oriented ActionScript For Flash 8 teaches the theory and practice of OOP with ActionScript.</desc> 
	</image>
	<image filename="Evans" title = "Constructing Usable Shopping Carts" author="Clifton Evans" category="Design">
		<desc>Planning and designing an entire e-commerce application and implementing the product catalog, shopping cart, and checkout system.</desc> 
	</image>
	<image filename="Grannell" title = "Web Designer's Reference" author="Craig Grannell" category="Design">
		<desc>Most web design books concentrate on a single technology or piece of software, leaving the designer to figure out how to put all the pieces together.</desc> 
	</image>
	<image filename="Green" title = "Foundation Flash 8 Video" author="Tom Green" category="Flash">
		<desc>This book is the ultimate guide to Flash 8 video—it offers practical advice, technical guidance, and a full series of creative projects.</desc> 
	</image>
	<image filename="Harkness" title = "Apache Essentials" author="Darren James Harkness" category="Server">
		<desc>In Apache Essentials, I’ll show you how to install, configure, and maintain Apache. </desc> 
	</image>
	<image filename="Jacobs" title = "Foundation XML for Flash" author="Sas Jacobs" category="Flash">
		<desc>In this book, Sas Jacobs first introduces XML itself—what it is, its syntax, its associated technologies.</desc> 
	</image>
	<image filename="Keith" title = "Dom Scripting" author="Jeremy Keith" category="Design">
		<desc>This book is about DOM Scripting, Web Design with JavaScript and the Document Object Model.</desc> 
	</image>
	<image filename="Kemper" title = "Flash Interface Design" author="Michael Kemper" category="Flash">
		<desc>Flash allows users to create some amazing interactive interfaces to interact with Rich Internet Applications, eLearning systems, and simple web sites.</desc> 
	</image>
	<image filename="Kirkpatrick" title = "Flash Cartoon Animation" author="Glenn Kirkpatrick" category="Flash">
		<desc>In depth and detailed, the book follows the production of a cartoon from inception to final output - looking at all the decisions and skills that have contributed to its appeal.</desc> 
	</image>
	<image filename="Kirkpatrick" title = "Flash Cartoon Animation" author="Glenn Kirkpatrick" category="Flash">
		<desc>In depth and detailed, the book follows the production of a cartoon from inception to final output - looking at all the decisions and skills that have contributed to its appeal.</desc> 
	</image>
	<image filename="Lifaros" title = "Flash Math Creativity" author="Lifaros" category="Flash">
		<desc>It's a book of iterative experiments, generative design. Each author does four experiments. </desc> 
	</image>
	<image filename="Powers" title = "PHP for Dreamweaver 8" author="David Powers" category="Dreamweaver">
		<desc>Instead of just giving you a series of instructions to click this and click that, this book helps you understand what’s going on in the background. As a result, you’re more likely to remember and to get it right.</desc> 
	</image>
	<image filename="Rosenthal" title = "AppleScript" author="Hanaan Rosenthal" category="OS X">
		<desc>If you are a Mac user who wants to know the real meaning of having full control over your machine, get into AppleScripting; this book is the only guide you need to master the art!</desc> 
	</image>
	<image filename="Rosenthal" title = "AppleScript" author="Hanaan Rosenthal" category="OS X">
		<desc>If you are a Mac user who wants to know the real meaning of having full control over your machine, get into AppleScripting; this book is the only guide you need to master the art!</desc> 
	</image>
	<image filename="Smith" title = "Foundation 3ds Max 8 Architectural Visualization" author="Brian L. Smith" category="Graphics">
		<desc>Welcome to the world of 3D architectural visualizations using the most powerful and versatile 3D software package on the planet: 3ds Max.</desc> 
	</image>	
</books>